TORDENFILM AS - "VALKYRIEN"				DO NOT EDIT! LOCKED DOCUMENT														
Dialogue list of Valkyrien_SE01EP01_h264_TC_20161114-2																		
Color correction coding:																		
TC START 10:00:00:00 = 01:00:00:00																		
																		
TC IN	TC OUT	Rolle	Character	NORSK	ENGLISH	SUBS												
01:01:08:13	01:01:06:22	Politimann i radio 1	Police 1 (m)	Null en, dette er Oskar fire. Vi er på vei. Ber om bevæpning.	Zero one, this is Oscar four. We are on our way. Requesting firearms.													
01:01:12:05	01:01:09:19	Politimann i radio 2	Police 2 (m)	Det er mottatt. Iverksett bevæpning. Over.	Message received. Firearms request approved. Over.													
01:01:46:21 	01:01:42:17	Teo	Teo	Jeg får det ikke til!	I can't do it!													
																		
01:02:21:22		Title seq start	Title seq start															
01:03:6:20 		Title seq end	Title seq end															
																		
01:03:27:24	01:03:26:11	Skilt	SIGN	Høgspenning. Livsfare.	Danger - high voltage													
01:05:07:10	01:05:02:17	Ravn	Ravn	Hei.	Hi.													
01:05:08:16	01:05:04:19	Ravn	Ravn	Ikke vær redd.	Don't be afraid.													
																		
01:05:10:18	01:05:07:00	Ravn	Ravn	Du har klart deg, hva?	Looks like you've made it, eh?													
01:05:13:17	01:05:08:19	Ravn	Ravn	Ja...	Yes...													
01:05:15:18	01:05:14:05	Ravn	Ravn	Så du er en liten tøffing du da, hæ?	So you're a little tough guy then?													
01:05:38:09	01:05:33:24	Leif	Leif	Ravn?	Ravn?													
01:05:44:10	01:05:39:16	Ravn	Ravn	Hei.	Hi.													
01:05:46:09 	01:05:42:03 	Leif	Leif	Hei, god morgen. 	Hi, good morning.													
01:05:48:04	01:05:44:16	Leif	Leif	Gjemt deg baki der i dag?	Hiding back there today? 													
01:05:51:12	01:05:47:00	Ravn	Ravn	Ja.	Yes.													
01:05:54:13	01:05:41:07	Leif	Leif	Er jo helt utrolig. 	It's absolutely incredible. 													
01:05:58:01	01:05:57:04	Leif	Leif	Altså, jeg har sagt det sikkert hundre ganger, at det er bare meg. Kan ikke være noen andre enn meg.	Surely I've said it a hundred times, it's just me. There's no way it's anyone other than me.													
01:06:01:10 	01:05:59:09	Ravn	Ravn	Jeg vet det. Jeg ville bare være sikker.	I know. Just wanted to be sure.													
01:06:09:22	01:06:08:13	Leif	Leif	Ja, her går det.. Her går det framover?	How's it going here? Any progress?													
01:06:14:03	01:06:09:20	Ravn	Ravn	Nei, bakover.	No, just the opposite.													
01:06:16:13	01:06:13:00	Ravn	Ravn	Mangler skikkelig utstyr.	I'm lacking proper equipment													
01:06:18:23	01:06:15:03	Leif	Leif	Masse utstyr her.	There's plenty of equipment here.													
01:06:20:16	01:06:16:19	Ravn	Ravn	Ikke det jeg trenger.	Not the kind I need.													
01:06:22:13	01:06:20:23	Leif	Leif	Jeg kan sikkert prøve å skaffe mer jeg. Hva er det du trenger da?	I can try to get more. What do you need?													
01:06:26:12	01:06:23:16	Ravn	Ravn	Masse-spektrometer blant annet.	A mass spectrometer, among other things.													
01:06:30:14	01:06:25:21	Leif	Leif	Jaha…	I see.													
01:06:31:06	01:06:31:17	Ravn	Ravn	Ja, det er en maskin som analyserer blodet på en... På en måte som bare den kan... Det er avansert.	Yes. It's a machine that analyses blood in a... In a way which only it can... It's advanced.													
01:06:37:00	01:06:33:12	Leif	Leif	Den er dyr den da. Trenger penger du.	It's expensive then. You need money.													
01:06:38:19	01:06:36:17	Ravn	Ravn	Enkelte ting er det bare sykehus som kan kjøpe. Så penger hjelper ikke.	There are some items only hospitals can buy. So money won't help.													
01:06:42:09	01:06:38:09	Leif	Leif	Penger hjelper ikke?	Money won't help?													
01:06:47:20	01:06:43:16	Leif	Leif	Ja, da er det frokost her.	There's some breakfast here.													
01:06:49:04	01:06:44:22	Ravn	Ravn	Nei takk.	No, thanks.													
01:06:52:03	01:06:41:23	Leif	Leif	Nei, for jeg tenkte bare at du kanskje kunne tatt en liten kikk på meg i dag?	I thought maybe you could give me check-up today?													
01:06:58:10	01:06:55:24	Ravn	Ravn	Hånda di? Jeg har akkurat sett på den, Leif.	Your hand? I've only just checked it.													
01:07:01:21	01:06:59:24	Ravn	Ravn	Ja, men den kommer til å bli fin. Du må bare ta det litt med ro, og ikke sitte så mye på dataen.	It's going to be fine. You just take it easy, and don't spend so much time on the computer.													
01:07:05:00	01:07:03:18	Leif	Leif	Sitte på dataen? Altså når jeg vrir hånda mot tastaturet, så får jeg smerter…	Time on the computer? When I twist my hand towards the keyboard I get this pain…													
01:07:08:19	01:07:05:10	Ravn	Ravn	Du vet hvilken dag det er i dag, ikke sant?	You know what day it is today, right?													
01:07:12:11	01:07:08:11	Leif	Leif	Jada, vet det.	Yeah, I do.													
01:07:16:03	01:07:16:15	Ravn	Ravn	Men, jeg kan jo ta å se på deg  ikveld hvis du hjelper meg med noe nå?	But, I can take a look at you tonight if you help me with something now.													
																		
01:07:25:05	01:07:22:14	Ravn	Ravn	Hun ville ikke ha likt... Nei.	She wouldn't have liked if.. No. 													
01:07:27:15	01:07:23:17	Leif	Leif	Rolig nå, rolig rolig…	Easy now,  take it easy, easy…													
01:07:29:21	01:07:26:00	Ravn	Ravn	Ikke ta for mye nå, da.	Don't take too much off.													
01:07:31:19	01:07:29:13	Leif	Leif	Neida, blir fint dette her.	This will turn out nice.													
01:07:36:01	01:07:31:12	Leif	Leif	Du?	Hey.													
01:07:36:24	01:07:32:10	Ravn	Ravn	Hmm?	Hmm?													
01:07:39:04	01:07:35:08	Leif	Leif	Det er bare et rituale.	It's just a ritual.													
01:07:44:13	01:07:42:00	SUPER	SUPERTEXT	6 måneder tidligere	6 months earlier													
																		
01:08:20:20	01:08:16:14	Grethe	Grethe	Jeg beklager.	I'm sorry													
01:08:25:02	01:08:21:10	Vilma	Vilma	Du be... Du beklager?	You're... you're sorry?													
01:08:28:01	01:08:26:24	Grethe	Grethe	Den behandlingen du foreslår, den er aldri vært prøvd på mennesker før.	The treatment you're proposing, it's never been tested on humans before. 													
01:08:32:17	01:08:31:07	Grethe	Grethe	Kun på labdyr. Uten godkjente tester og kontrollgrupper.	Only laboratory animals. Without approved tests or control groups.													
01:08:36:13	01:08:33:06	Vilma	Vilma	Det har jeg ikke tid til og det vet du.	I don't have time for that and you know it.													
01:08:40:13	01:08:41:16	Grethe	Grethe	Vilma... Det du har tenkt å sette i gang, det er mye farligere enn du skisserer for oss her. 	Vilma... What you're thinking of doing, is way more dangerous than what you are outlining for us here. 													
01:08:46:15	01:08:48:21	Grethe	Grethe	Hele komiteen er enstemmig. Det er stor risiko for motorisk svikt, full katatoni, i det verste fall død.	The committee is unanimous. There's a substantial risk of motor skill failure, full catatonia. In the worst case, death.													
01:08:54:03	01:08:50:22	Vilma	Vilma	Jeg dør hvis jeg ikke gjør noe.	I will die if I do nothing.													
01:08:57:10	01:08:58:07	Vilma	Vilma	Jeg har utviklet dette preparatet selv, som forsker og ikke pasient. Og jeg har veldig stor tro på det.	I've developed this drug myself. As a scientist and not a patient. And I have great faith in it.													
01:09:03:08	01:08:58:20	Grethe	Grethe	Ja, jeg forstår det.	Yes, I understand that.													
01:09:04:22	01:09:04:00	Vilma	Vilma	Unn og Ravn kommer til å hjelpe meg. Jeg tar ansvaret.	Unn and Ravn will help me. I take full responsibility.													
01:09:10:10	01:09:10:18	Grethe	Grethe	Det kan sette hele avdelingen i fare. Du kan miste lisensen din. Unns lisens, Ravns. 	This could put the whole department in jeopardy. You could lose your license. Unn's license, Ravn's. 													
01:09:16:03	01:09:13:07	Grethe	Grethe	Jeg kan bli satt i fengsel som øverste ansvarlig.	I could be put in prison as ultimately responsible.													
01:09:18:09	01:09:18:03	Ravn	Ravn	Det er det du er redd for? Etter alt hun har gjort for dette sykehuset, så er du redd for å bli saksøkt. Er det sånn?	That's what you're afraid of? After everything she has done for this hospital, you are afraid of being sued. Is that right?													
01:09:23:03	01:09:18:10	Vilma	Vilma	Ravn.	Ravn.													
01:09:24:07	01:09:26:07	Ravn	Ravn	Altså, du sitter som dommer over det eneste håpet hun har igjen. Men du nekter, fordi det er tryggest for  dere at hun bare dør av seg selv sånn helt uten videre?	You sit in judgement over the only hope she has left. But you refuse it, because it's safer for you that she simply goes off and expires on her own?													
01:09:31:14	01:09:27:20	Grethe	Grethe	Eva, du må protokollføre dette her..	Eva, add this to the minutes.													
01:09:32:18	01:09:34:00	Ravn	Ravn	Hvem i dette rommet her kan dette fagfeltet bedre enn Vilma? Hm? Ingen av dere. Ingen av dere!	Who in this room knows this field better than Vilma? Hm? None of you. None of you!													
01:09:39:21	01:09:36:09	Grethe	Grethe	Ravn, tror du dette her er noe lett for oss?	Ravn, do you think this is easy for us?													
01:09:41:09	01:09:42:02	Ravn	Ravn	Det er det mest uverdige og korrupte... Da hun var frisk så brukte du henne for alt hun var verdt!	It's the most unworthy and corrupt... When she was healthy, you used her for all she was worth!													
01:09:47:03	01:09:46:12	Grethe	Grethe	Du kan ikke behandle din egen kone! Det er jo langt utenfor din egen ekspertise, du kommer til å miste jobben.	You cannot treat your own wife! It's far beyond your expertise, you're going to lose your job.													
01:09:51:12	01:09:49:24	Ravn	Ravn	Tror du jeg bryr meg om jobben, at jeg vil jobbe her etter dette?!	Do you think I care about the job, that I would work here after this?!													
01:09:56:04	01:09:57:00	Ravn	Ravn	Alle her vet at du setter deg selv først, alltid. Og Vilma hun skal faen ikke dø på grunn av feigheten deres!	Everyone here knows that you put yourself first, always. And Vilma will not fucking die because of your cowardice!													
	   	 																
01:10:12:22		Nyhetsanker (f)(off) 	News anchor (f) (off)	Joakim Reigstad, hva kan du si om det du ser der hvor du er nå?	Joakim Reigstad, what you can you tell us about what you are seeing there now?													
01:10:16:23	01:10:34:14	Reporter	Reporter (off)	Her har politiet nå sperret av et område ved det som er en utbrent bil. Det er høyst sannsynlig da den bilen  som den siste raneren brukte, men politiet har ikke villet bekrefte det her på stedet og er svært tilbakeholdne  med opplysninger. Men som vi nå ser, så er Kripos i gang med undersøkelser.	Here, the police have now cordoned off an area around what is a burnt-out car. It is highly likely this was the car the last robber used, but police, here on site, have not confirmed this, and are very reluctant to give any details. But we now see the National Criminal Investigation Service have begun inspecting the site.													
01:10:35:21		Leif	Leif	Faen.	Oh shit.													
01:10:48:00		Ravn	Ravn	Jeg vil gjerne få takke Odd og Signe, Vilmas foreldre for at de har ordnet med så fin minnestund.	I would like to thank Odd and Signe, Vilma's parents, for arranging such a nice memorial service. 													 
01:11:03:04		Ravn	Ravn	Og så vil jeg gjerne beklage til alle dere som har prøvd å få tak i meg i de 6 månedene som  har gått, og at jeg har vært så unyttig, vært så unytting for dere alle.	And I would like to apologize to all of you who have tried to contact me in the last six months. I haven't been much use to any of you.													
01:11:19:05		Ravn	Ravn	Og særlig min stedatter Siv.	Especially my stepdaughter, Siv.													
01:11:22:11		Ravn	Ravn	Jeg vet at Vilma…	I know that Vilma...													
01:11:30:22		Ravn	Ravn	Jeg vet at mange av dere er såret over det Vilma gjorde, men... 	I know that many of you are hurt by Vilma's  actions, but... 													
01:11:37:14		Ravn	Ravn	Når vi i dag er samlet rundt en kiste som er tom så er det fordi Vilma ville ha det sånn. 	When we gather here today, around an empty coffin, it is because Vilma wanted it this way. 													
01:11:42:15		Ravn	Ravn	Hun visste hva hun gjorde da hun dro så langt ut i fjorden. 	She knew what she was doing when she went so far out into the fjord. 													
01:11:46:16		Ravn	Ravn	Hun ville ikke bli funnet.	She didn't want to be found.													
01:11:49:02		Ravn	Ravn	Det er vanskelig å godta, men det må vi.	It is hard to accept, but we must.													
01:11:52:10		Ravn	Ravn	Vilma... var en person som ofret alt for forskningen sin. 	Vilma... Was a person who sacrificed everything for her research. 													
01:11:58:21		Ravn	Ravn	Hennes høyeste ønske det var å skape noe som kunne komme oss alle sammen til gode. 	Her greatest desire was to create something that could benefit us all. 													
01:12:04:05		Ravn	Ravn	Istedet så gjorde denne forskningen henne syk, og hun fikk ikke den hjelpen hun skulle ha fått.	Instead, the research made her sick, and she didn't get the help she should have.													
01:12:11:05		Ravn	Ravn	Men hun ga ikke opp. Hun gjorde ikke det. 	But she didn't give up. She didn't do that. 													
01:12:15:23		Ravn	Ravn	Det var ikke letteste vei hun valgte. 	It wasn't the easy way out, she chose. 													
01:12:19:04		Ravn	Ravn	Hadde det vært et alternativ, så ville hun valgt det, uansett pris. Det vet jeg.	Had there been an alternative, she would have chosen it, no matter what the cost. I know that for a fact.													
01:12:25:16		Ravn	Ravn	Hun ville ikke bli en skygge av seg selv, hun ville huskes som den hun var. 	She didn't want to be a shadow of herself, she wanted to be remembered for who she was.													
																		
01:13:18:05		Teo	Teo	Leif!	Leif!													
01:13:19:09		Leif	Leif	Hva gjør du her?	What are you doing here?													
01:13:21:10		Teo	Teo	Jeg får ikke stoppa blodet.	I can't get the bleeding to stop.													
01:13:26:17		Leif	Leif	Få se.	Let me see.													
01:13:31:12		Teo	Teo	Jeg dreit meg ut.	I fucked up.													
01:13:33:00		Leif	Leif	Hold, hold.	Hold it, hold it.													
01:13:34:16		Leif	Leif	Hvor er de andre?	Where are the others?													
01:13:35:13		Teo	Teo	Det er bare meg. De andre er tatt.	It's just me. The others got caught.													
01:13:38:15		Leif	Leif	Av politiet? Og så kommer du hit?	By the police? And then you come here?													
01:13:41:16		Teo	Teo	Jeg kjørte på en politimann. Leif, du må hjelpe meg.	I ran over a policeman. You've got to help me, Leif.													
01:13:46:07		Leif	Leif	Du må vekk herfra. Vi må ta deg vekk herfra.	You've got to get out of here. We must get you out of here.													
01:13:48:18		Teo	Teo	Jeg har alle pengene.	I've got all the money.													
01:13:50:16		Leif	Leif	Her?	Here?													
01:13:58:03 		Teo	Teo	 Jeg fryser.	I'm freezing.													
01:14:04:01		Teo	Teo	Leif... 	Leif... 													
01:14:04:16		Teo	Teo	Hjelper du meg?	Will you help me?													
																		
01:14:13:12 		Dame i kirke	Woman in Church	Kondolerer.	My condolences.													
01:14:25:23		Unn	Unn	Jeg synes det var en nydelig tale.	I thought that was a beautiful speech.													
01:14:28:02		Ravn	Ravn	Takk, Unn, tusen takk.	Thank you Unn, thank you very much.													
01:14:30:17		Unn	Unn	Kom nå til meg, Ravn. Hvis du trenger hjelp til noe.	Come and see me Ravn, if you need help with anything.													
01:14:34:21		Unn	Unn	Jeg mener det. Hva som helst.	I mean it. Anything at all.													
01:14:38:07		Ravn	Ravn	Ja.	Yes.													
01:14:43:07		Grethe	Grethe	Hei Ravn.	Hi Ravn.													
01:14:45:08		Grethe	Grethe	Jeg kondolerer.	My condolences.													
01:14:51:14		Grethe	Grethe	Ravn. Jeg gjorde alt jeg kunne.	Ravn. I did everything I could.													
01:14:53:19		Ravn	Ravn	Fint.	Good.													
01:14:55:10		Grethe	Grethe	Jeg gjorde alt jeg kunne uten å bryte loven. 	I did everything I could without breaking the law. 													
01:14:57:13		Grethe	Grethe	Og hvis jeg, bare et sekund hadde trodd på din og Vilmas behandlingplan, så hadde jeg vurdert den.	And if I had, for just one second, believed in your and Vilma's treatment plan, I would have considered it.													
01:15:04:03		Ravn	Ravn	Så du trodde ikke på oss, og likevel så lurer du på hvorfor jeg ikke kommer tilbake?	So you didn't believe in us, and still you wonder why I don't come back?													
01:15:07:08		Unn	Unn	Ravn, ikke…	Ravn, don't...													
01:15:08:20		Grethe	Grethe	Sånn som jeg så på det den gangen, så var ikke du og Vilma rasjonelle!	The way I saw it at the time, you and Vilma were not being rational!													
01:15:10:23 		Ravn	Ravn	Og sånn som jeg ser det, så står jeg her i dag på grunn av deg.	And the way I see it, I'm standing here today because of you.													
01:15:15:21		Odd	Odd	Hei Ravn, kanskje.	Hello Ravn, maybe...													
01:15:17:10		Ravn	Ravn	Ja, hei.	Yes, hello.													
01:15:19:12 		Ravn	Ravn	Siv!	Siv!													
01:15:25:02		Ravn	Ravn	Hei Siv.	Hi Siv.													
01:15:29:14		Ravn	Ravn	Jeg har tenkt mye på deg.	I've been thinking about you a lot.													
01:15:32:19		Siv	Siv	Hvorfor var det en kiste der?	Why was there a coffin there?													
01:15:35:09		Ravn	Ravn	Nei, det var mormor og morfar. De ville gjerne at alt skulle være sånn som vanlig, på en måte.	Well, it was grandma and grandpa, they wanted everything to be done in the normal way.													
01:15:39:04		Siv	Siv	Ja, men da tror jo folk at mamma er der.	Yes, but then people will think mom is in there.													
01:15:40:15		Ravn	Ravn	Nei, nei, de tror ikke det. Altså jeg sa jo det at...	No, no. They won't think that. I said that...													
10:15:42:12		Siv	Siv	Ja, men hun er jo der ute et sted. Skal de bare slutte å lete da eller?	Yes, but she's out there somewhere. Should they just stop searching then?													
10:15:51:17		Ravn	Ravn	Kan jeg få en klem?	Can I get a hug?													
10:16:10:22		Siv	Siv	Jeg trenger noen ting hjemmefra jeg.	I need to get some things from home.													
10:16:14:02		Ravn	Ravn	Ja, ja, det går fint. Bare ring på på forhånd, så fikser vi det.	That's fine. Just give me a call and we'll arrange it.													
01:16:17:10		Siv	Siv	Og så er det noe viktig jeg må snakke med om, så hvis du har tid...	And there's something important I need to talk to you about, so if you've got time.. 													
01:16:26:03		Ravn	Ravn	Jeg er nødt, jeg må gå nå.	I have to... I must go now.													
01:16:27:10		Siv	Siv	Ja, men jeg må snakke med deg!	But, I have to talk to you!													
01:16:30:07		Siv	Siv	Ravn!	Ravn!													
01:16:35:20		Ravn	Ravn	Hva er det som har skjedd?	What's happened?													
01:16:37:04		Leif	Leif	Jeg har sagt at du aldri skal slå av telefonen, aldri!	I've told you, never switch off the phone, never!													
01:16:44:24		Ravn	Ravn	Hva faen?	What the hell?													
01:16:45:09		Leif	Leif	Ja, kom igjen!	Come on!													
																		
01:16:57:10		Ravn	Ravn	Hvem faen er dette her Leif? Er det en venn av deg? 	Who the hell is this, Leif? Is this a friend of yours?													
01:16:59:10		Leif	Leif	Se på magen hans, se på magen!	Look at his belly, his belly.													
01:17:02:17		Ravn	Ravn	Han er skutt for faen!	He's shot, goddamnit!													
01:17:05:20		Ravn	Ravn	Hallo! Hallo! Er du våken?	Hello! Hello! Are you awake?													
01:17:09:05		Ravn	Ravn	Nå må vi få ham på sykehuset!	We must get him to the hospital!													
01:17:10:17		Leif	Leif	Hvis han kunne vært på legevakta, så hadde han vært der nå. 	If he could have gone to the ER, he would be there now.													
01:17:14:12		Ravn	Ravn	Vet du blodtypen hans?	Do you know his blood type?													
01:17:15:12		Leif	Leif	Han har sånn dog-tag rundt halsen der.	He has a dog-tag round his neck.													
01:17:27:09		SKILT	SIGN	Adgang forbudt	NO ENTRY													
01:18:02:06		Ravn	Ravn	Jeg tar hodet.	I'll take his head.													
01:18:03:00		Leif	Leif	Ja.	Yes.													
01:18:04:10		Ravn	Ravn	Vi legger han på det bordet der borte. 	Get him on the table over there.													
01:18:05:08		Leif	Leif	Ja.	Yes.													
01:18:08:11		Ravn	Ravn	Sånn. Det er bra.	There. That's good.													
01:18:11:03		Ravn	Ravn	Sånn. Og så henter du to poser med A-blod. 	That's it. Go and get two bags of blood type A.													
01:18:13:21		Leif	Leif	Ja, hvor har vi det da?	Yes, where do we keep it?													
01:18:14:12		Ravn	Ravn	Det ligger i kjøleskapet, det står på posen. Kom igjen! 	It's in the fridge, it's printed on the bag. Go on!													
01:18:25:12		Leif	Leif	Her. 	Here.													
01:18:26:03		Ravn	Ravn	Og så operasjonsutstyret mitt, det ligger på benken ved siden av rottene der inne. 	And then get my surgical instruments, they're on the table next to the rats.													
01:18:33:01		Ravn	Ravn	Flott, så putter du alt oppi her. 	Great, now put everything in here.													
01:18:38:09		Ravn	Ravn	Pass på at du får alt nedi. 	Make sure you get it all in there.													
01:18:42:12		Ravn	Ravn	Sånn.	That's it.													
01:18:43:05 		Leif	Leif	Bare si hva jeg skal gjøre. 	Just tell me what to do.													
01:18:44:04		Ravn	Ravn	Bare stå på den andre siden der. Så begynner jeg å skjære. 	Just stand of the other side there. I'm going to start cutting.													
01:18:47:19		Ravn	Ravn	Okei.	Ok.													
01:19:00:05		Ravn	Ravn	Nyra. Nyra hans er skutt i stykker.	The kidney. His kidney is shot to pieces.													
01:19:05:01		Ravn	Ravn	Jeg må ta den ut. 	I need to take it out.													
01:19:06:12		Leif	Leif	Ta den ut? 	Take it out?													
01:19:06:20		Ravn	Ravn	Ja, eller så dør han. 	Yes, or he'll die.													
01:19:09:11		Leif	Leif	Er ikke det litt voldsomt, liksom?	Isn't that a bit drastic?													
01:19:11:01 		Ravn	Ravn	Hjelp meg nå!	Help me!													
01:19:12:07		Ravn	Ravn	Holder du disse her? Holde de to? Sånn.	Can you hold these? Hold these two? That's right.													
01:19:17:17		Ravn	Ravn	Og så... så drar du litt ut til siden. 	And then... then you pull out a little to the side.													
01:19:20:23		Leif	Leif	Ja.	Yes.													
01:19:21:13		Ravn	Ravn	Så skal jeg bare komme ned... Komme ned her. 	Now I'm just going to go down... go down here.													
01:19:28:03		Ravn	Ravn	Går det bra? 	Are you alright?													
01:19:28:09		Leif	Leif	Ja, det går bra. 	Yes, I'm fine.													
01:19:37:21		Ravn	Ravn	Der! Der er den.	There! There it is.													
01:19:43:16 		Ravn	Ravn	Leif? 	Leif? 													
01:19:44:08 		Leif	Leif	Jeg tenkte at....	I was thinking...													
01:19:45:06		Ravn	Ravn	Leif? 	Leif? 													
01:19:46:20		Leif	Leif	Jeg er med, jeg er med. Helt med. 	I'm here, I'm here. I'm completely with it.													
																		
01:19:49:09		Nyhetsanker (f)	News anchor (f)	Velkommen til denne sendingen i forbindelse med det brutale ranet i går. 	Welcome to this broadcast regarding yesterday's brutal robbery. 													
01:19:54:01		Nyhetsanker (f)	News anchor (f)	Under pågripelsen ble en politimann påkjørt av ransbilen, og alvorlig skadet. 	During the arrest, a policeman was hit by the getaway car and seriously injured. 													
01:20:00:00		Nyhetsanker (f)	News anchor (f)	Hans tilstand blir nå beskrevet som kritisk. 	His condition is now described as critical. 													
01:20:03:06		Nyhetsanker (f)	News anchor (f)	Politiet har gått ut med følgende etterlysning; Teodor Naustvik, 24 år. 	Police have given out the following APB; Teodor Naustvik 24 years.													
01:20:08:22		Ravn	Ravn	Du sa at han ikke var ettersøkt? 	You said he wasn't wanted.													
01:20:10:06		Leif	Leif	Han var ikke det. Nå har de andre tysta på han. 	He wasn't. The others have ratted on him now.													
01:20:12:13		Ravn	Ravn	Han har kjørt ned en politimann, som prøvde å stoppe han fra å stjele? 	He ran over a policeman who was trying to stop him from stealing?													
01:20:14:15		Leif	Leif	Den politimannen er ikke død. De har skutt han i magen og det er selvforsvar. 	The policeman isn't dead. They shot him in the gut and it was self-defense...													
01:20:18:13		Ravn	Ravn	Du får be han si det til politiet da. 	You get him to tell that to the police.													
01:20:21:05		Leif	Leif	Han kan ikke det.	He can't do that.													
01:20:22:05		Ravn	Ravn	Hvorfor ikke det? 	Why not.													
01:20:23:08		Leif	Leif	Fordi de dreper han i fengsel da. 	Because they'll kill him in prison.													
01:20:25:17		Ravn	Ravn	Tror du de dreper han fordi han har skada en av deres egne? 	You think they'll kill him because he hurt one of their own?													
01:20:28:01		Leif	Leif	Ikke politiet, de andre ranerene. 	Not the police, the other robbers.													
01:20:30:14		Ravn	Ravn	Det der, det er sånne konspirasjoner som du og disse chattekompisene dine holder på med hele tiden. 	That's... those are the kind of conspiracies you and your chatroom buddies are always going on about.													
01:20:34:22		Leif	Leif	Siden femognitti så har sekstiåtte fanger dødd i norske fengsler. Bare ti av de var beviselige selvmord. Kom her! 	Since 1995, sixty eight prisoners have died in Norwegian prisons. Only ten of those were demonstrably suicides. Come here!													
01:20:41:00		Ravn	Ravn	Hva er det nå? 	What is it now?													
01:20:41:13		Leif	Leif	Skal vi se på noe her. 	Let's have a look at something here.													
01:20:47:22		Leif	Leif	Teo her, sitter igjen med hele utbyttet. Eneste som ikke ble tatt. De folka han har jobba med, de er mye verre enn politiet.	Teo here, has been left with the entire proceeds. He's the only one that wasn't caught. Those guys he worked with are much worse than the police.													
01:20:54:10		Ravn	Ravn	Hvor mye er det snakk om? 	How much are we talking about?													
01:20:56:05		Leif	Leif	Det er sekstito millioner. 	There's sixty-two million.													
01:20:57:24		Ravn	Ravn	Sekstito millioner? 	Sixty-two million?													
01:20:59:10		Leif	Leif	Ja. Står det i avisa.	Yes. It's in the papers.													
01:21:01:10		Ravn	Ravn	Så fyren er ettersøkt over hele landet. Hva om noen finner han her nede?	So the guy is wanted all over the country. What if someone finds him down here?													
01:21:04:02		Leif	Leif	De gjør ikke det. Det er en av fordelene med å være...	They won't. It's one of the benefits of being...													
01:21:05:12		Teo	Teo	Hvor er vi? 	Where are we?													
01:21:06:16		Ravn	Ravn	Neineineinei. Jeg synes du skal legge deg ned. 	No no no no, I think you should lie back down.													
01:21:08:00		Teo	Teo	Jeg kjørte på ham...	I ran him over...													
01:21:09:03		Leif	Leif	Det synes jeg og.	I think so too.													
01:21:10:11		Teo	Teo	Han politimannen! Hvordan går det med han?	The police officer! How is he?													
01:21:11:24		Ravn	Ravn	Ligg rolig, ligg rolig. 	Lie still, lie still.													
01:21:13:06		Leif	Leif	Det går så bra. Han har det kjempefint.	Everything is fine. He's doing great.													
01:21:15:01 		Teo	Teo	Er det du som er legen? Leif, er det han som er legen? 	Are you the doctor? Leif, is he the doctor?													
01:21:18:08		Leif	Leif	Dette er legen. Nå skal du bare gjøre akkurat sånn som han sier. 	This is the doctor. Now you'll do exactly as he says.													
01:21:21:02		Leif	Leif	Det er ikke noe problem	There's no problem													
01:21:21:04		Teo	Teo	Jeg må..jeg må snakke med Marit.	I have to... I have to talk to Marit.													
01:21:22:12		Leif	Leif	Snakk med legen.	Talk to the doctor.													
01:21:23:03		Ravn	Ravn	Hold han, hold han. 	Hold him, hold him.													
01:21:25:00		Leif	Leif	Det går fint. Det går fint.	It's ok. It's ok.													
01:21:27:10		Ravn	Ravn	Dette her det går ikke. Vi må få ham på sykehus. 	This is not working. We need to get him to a hospital.													
01:21:25:15		Leif	Leif	Hvis han kommer på sykehus, så ser de at han er operert av en ordentlig lege.  Det har du ikke lyst til. Vil ikke at folk skal begynne å leite rundt oppi her du.	If he goes to a hospital, they'll see he's been operated on by a real doctor. You don't want that. You don't want people to start poking around here, do you?													
01:21:36:10		Ravn	Ravn	Hva hvis han dør da? 	But what if he dies?													
01:21:37:23		Leif	Leif	Hvis…	If...													
01:21:41:06		Leif	Leif	Hva slags utstyr er det du trenger? 	What kind of equipment do you need?													
01:21:42:04		Ravn	Ravn	Ja, men altså... hvis situasjonen forverrer seg så trenger jeg masse utstyr som jeg ikke har, Leif! 	Yes, well... If the situation deteriorates, I need a lot of equipment that I have not got, Leif! 													
01:21:46:10		Ravn	Ravn	Jeg trenger en hjertestarter, jeg trenger respirator, jeg trenger masse medisiner! 	I need a defibrillator, I need a respirator, I need a lot of medicine!													
01:21:48:07		Leif	Leif	Det er greit. Greit. Jeg vet. 	It's ok. Ok. I know.													
01:21:50:17		Leif	Leif	Hvis du hjelper meg med dette her, så har vi plutselig vanvittig mye penger. 	If you help me out with this, we'll suddenly have an insane amount of money. 													
01:21:56:10		Leif	Leif	Skjønner du? Da kan vi.. Altså, da kan vi lage klinikk her vi, med alt du trenger til forskningen din. 	Do you understand? Then we could build a clinic here, with everything you need for your research.													
01:22:02:10		Ravn	Ravn	Klinikk?	A clinic?													
01:22:03:18		Leif	Leif	Ja.	Yes. 													
01:22:05:12		Ravn	Ravn	Det er blod på de pengene, Leif. 	This is blood money, Leif.													
01:22:08:12		Leif	Leif	Hva var det den het, den maskina som var så umulig å få tak i? 	What was that machine called, the one that was so impossible to get?													
01:22:12:05		Ravn	Ravn	Masse-spektrometer. 	A mass spectrometer.													
01:22:13:05		Leif	Leif	Den.	That one.													
01:22:14:21		Ravn	Ravn	Hva har du med dette her å gjøre egentlig?	What have you got to do with this, anyway?													
01:22:18:06		Leif	Leif	Absolutt ingenting.	Absolutely nothing.													
																		
01:22:21:23		Karsten	Karsten	Er det onkel Leif du ser på?	Are you looking at uncle Leif?													
01:22:24:15		Karsten	Karsten	Der sitter'n! Det er onkel Leif.	There he is! It's uncle Leif.													
01:22:27:10		Karsten	Karsten	Hun prøvde å få kontakt med deg.	She tried to communicate with you.													
01:22:29:17		Karsten	Karsten	Du.	Hey you!													
01:22:31:03		Ida	Ida	Ser du på onkel Leif du da? 	Are you looking at uncle Leif there?													
01:22:33:03		Ida	Ida	Du, det er veldig veldig hyggelig Leif. Det er alt for lenge siden. 	It's very, very nice to see you Leif. It's been too long.													
01:22:36:22		Leif	Leif	Ja. Det har vært mye jobbing i det siste. 	Yes. There's been a lot of work recently.													
01:22:40:16		Karsten	Karsten	Jeg trodde hele idéen med sivilforsvaret var å få litt mer faste rammer, jeg. 	I thought the whole idea with the ​​civil defense was to get a little more regularity in your life?													
01:22:44:01		Leif	Leif	Ja, men jeg er ikke der lenger nå. 	Yeah, but I'm not there anymore.													
01:22:46:17		Karsten	Karsten	Er du ikke? 	You're not?													
01:22:48:00		Leif	Leif	Nei, jeg har blitt flytta over til beredskapsetaten i Oslo kommune, så... 	No, I was transferred to the Oslo Emergency Planning Agency so..													
01:22:53:15		Karsten	Karsten	Å?	Oh?													
01:22:54:01		Leif	Leif	Ja... Blitt teknisk ansvarlig der. Litt mer ansvar da. 	I've become Chief Technical Officer there. A bit more responsibility.													
01:22:59:03 		Ida	Ida	Gratulerer med det da! 	Congratulations!													
01:23:00:20		Leif	Leif	Takk. 	Thanks.													
01:23:03:00		Karsten	Karsten	Hva er det du gjør nå da? 	So what do you do now?													
01:23:05:15		Leif	Leif	Vedlikehold, drift. Utleie. 	Maintenance, operations. And rentals.													
01:23:10:14		Karsten	Karsten	Av?	Of?													
01:23:13:12 		Leif	Leif	Tilfluktsrom. 	Bomb shelters.													
01:23:15:17		Ida	Ida	Wow! Er det mange da eller? 	Wow! Are there many of them?													
01:23:18:13 		Leif	Leif	Det er 457 i Oslo og Akershus. Så det er svære anlegg. Eh..	There are 457 in Oslo and Akershus. So the facilities are huge.. Eh..													
01:23:23:09 		Leif	Leif	Det er faktisk, det er litt morsomt da, det er faktisk mulig hvis du kombinerer, eh.. 	Actually, it's funny. It's actually possible, if you combine..  Eh...  													
01:23:28:18		Leif	Leif	tunneler og t-bane, vann og avløp og parkering, så kan du gå tørrskodd helt fra Carl Berner til Operaen.	the tunnels and the metro, the sewers and the underground parking, you can walk without getting your feet wet from Carl Berner to the Opera.													
01:23:35:09 		Leif	Leif	Mhm, det er svært. 	Mm, it's huge.													
01:23:35:24		Ida	Ida	Men, er det en stor avdeling da, eller? 	So is it a big department, then?													
01:23:40:05 		Leif	Leif	Nei, i Oslo er det bare meg. 	No, in Oslo it's just me.													
01:23:42:03		Karsten	Karsten	Du kødder nå?	You're joking?													
01:23:47:06		Leif	Leif	Ja altså, de fleste av de rommene er ikke operative. Veldig mange av de er ikke det. 	Well, most of the rooms aren't operational. Almost none of them are.													
01:23:47:07		Karsten	Karsten	Ja, men ble du bare flytta over, da eller? Var det du som søkte deg dit? 	Yes, but were you transferred or did you apply for the position?													
01:23:50:06		Leif	Leif	Jeg ble på mange måter headhunta. 	I guess you could say I was headhunted, in a way.													
01:23:53:03		Ida	Ida	Du, så fint da! For du kan jo masse om sikkerhet og sånn. 	How cool! Since you know a lot about security and stuff.													
01:23:58:12		Leif	Leif	Jada, ja kan litt om det. 	Yeah, I know a little about that.													
01:23:59:22		Ida	Ida	Jeg vet ikke engang hvor nærmeste tilfluktsrom er. 	I don't even know where the nearest bomb shelter is.													
01:24:03:13 		Leif	Leif	Ja, det er Fredensborgveien 18, rett ovenfor Vulkan der. 	Well, it's at Fredensborgveien 18, across from Vulkan. 													
01:24:09:24		Ida	Ida	Okey, så hvis flyalarmen går så er det dit man skal da?	Okay, so if there's an air raid signal, that's where I should go?													
01:24:15:06		Leif	Leif	De rommene skal være operative innen 72 timer etter erklært unntakstilstand.	The shelters are supposed to be operational within seventy-two hours of a state of emergency being declared.													
01:24:15:15		Ida	Ida	Ja, men er ikke det ganske lenge hvis man blir bomba? 	Isn't that a long time to wait if you're being bombed?													
01:24:19:14		Leif	Leif	Nei, det er faktisk et godt poeng. Men nå er det sånn at det ikke er først og fremst flyangrep vi forbereder oss på lenger. 	That's actually a good point. But we aren't primarily preparing for airstrikes anymore.													
01:24:24:11		Karsten	Karsten	Nei, hva er det for noe nå da? Islamister? IS?	Oh no? What is it now then? Islamists? Isis?													
01:24:30:10		Leif	Leif	Nei, de er faktisk ganske langt nede på lista. 	No, they are actually quite far down the list.													
01:24:32:11		Karsten	Karsten	Ok.	Ok.													
01:24:32:23 		Ida	Ida	Ja, fordi det er en liste, det finnes en liste liksom? 	Because there's a list of some kind, right?													
01:24:35:16		Leif	Leif	Ja absolutt, absolutt.	Yes, absolutely, absolutely.													
01:24:37:12		Ida	Ida	Hva er det som er på første plass for eksempel? 	What's top of the list?													
01:24:39:16		Leif	Leif	Nei, altså.. De listene de blir oppdatert hele tida i forhold til...	Well... The lists are constantly updated with regards to...													
01:24:46:02		Karsten	Karsten	Du åssen går det på damefronten da, Leif?  	How are you doing with women then, Leif?													
01:24:48:10 		Karsten	Karsten	Skjedd noe der siden sist eller?	Anything happened lately?													
01:24:49:14		Leif	Leif	Nei, det har ikke det. 	No, it hasn't.													
01:24:51:24		Karsten	Karsten	Nei? Men det hender at du treffer litt andre folk, sånn innimellom? 	But you meet other people, now and then?													
01:24:56:05 		Leif	Leif	Absolutt, det gjør jeg. 	Absolutely, I do.													
01:24:57:02		Karsten	Karsten	Hvem da? Hvem er det du treffer? Hmm? 	Who then? Who do you see? Hmmm?													
01:25:02:07		Leif	Leif	Treffer folk. 	People.													
01:25:08:09		Ida	Ida	Får håpe vi ses snart igjen da eller, Leif? 	Let's hope we can get together again soon Leif.													
01:25:10:16		Leif	Leif	Ja. Ok. 	Yes.													
01:25:14:00		Karsten	Karsten	Kanskje du gidder å hjelpe meg bære den peisen ut på fortauet før du går? Den skal stå der nede til noen kommer å henter den.	Maybe you could help me carry this fireplace out to the sidewalk before you go ? It'll stay there until someone comes to collect it .													
01:25:21:24		Leif	Leif	Ja, selvfølgelig. Kjøpt ny? 	Yes, of course. Bought a new one?													
01:25:24:21 		Karsten	Karsten	Nei nei... Bare... Vi har bare så liten plass. Og den er såpass svær. Så det...	No, no... It's just... We have so little space and it's huge. So...													
01:25:30:24		Leif	Leif	Skal du ikke ha peis? 	You're not going to have a fireplace?													
01:25:31:24		Ida	Ida	Vel, det er jo veldig koselig, men når Anna begynner å gå og sånn, så må vi tenke på sikkerheten. 	Well, it's very cozy. But when Anna starts walking, we have to start thinking about safety.													
01:25:32:02		Leif	Leif	Ok. Ja for jeg kjenner faktisk at jeg har såpass vondt i den hånda jeg at jeg tror ikke det... går. Sorry... 	Okay. Well actually, I have such a pain in this hand, that I think... I don't think it's going to work. Sorry...													
01:25:46:01		Karsten	Karsten	Du! Leif! 	Hey! Leif!													
01:25:50:04 		Karsten	Karsten	Er du bare helt ute igjen eller? 	Have you lost it again?													
01:25:53:13		Leif	Leif	Jeg er ikke ute. Men synes kanskje det er litt vel uansvarlig når du har en liten baby?	No, I haven't. But I think it's very irresponsible of you when you have a litte baby.													
01:25:57:20		Ida	Ida	Hva er det som er uansvarlig? 	What's irresponsible?													
01:26:02:23		Leif	Leif	Hvis strømmen går i minus 10 så tar det to døgn før dere fryser ihjel. 	If the power cuts in -10 degrees, it'll take you two days to freeze to death.													
01:26:05:12		Karsten	Karsten	Hvis vi ikke tusler ned til noen venner som har peis da. 	If we don't walk down to some friends who have a fireplace.													
01:26:08:01		Leif	Leif	Selvfølgelig helt umulig å forestille seg et scenario der du ikke har lyst å tusle ned på gata her, med en baby. 	So it's completely impossible for you to imagine a scenario where you don't feel like walking down the street, with a baby?													
01:26:12:13		Karsten	Karsten	Ja, for da står muslima der. Først så kapper dem strømmen, og så dreper de oss når vi går ut for å hente ved.. 	Ah yes, because the muslims will be there. First, they cut the power. Then they'll kill us when we go out to fetch wood.													
01:26:16:24		Leif	Leif	Muslimene er ikke farlig! Strømbrudd er farlig. Det er det som er nr.1 på lista siden du spurte om det. 	The muslims aren't dangerous! Power failure is dangerous. That's number one on the list, since you asked about it. 													
01:26:22:13		Leif	Leif	Alle trusler fører til strømbrudd. Naturkatastrofer, pandemi og opprør. 	All threats lead to power failure. Natural disasters, pandemics and riots. 													
01:26:27:22		Leif	Leif	Og strømbrudd i seg selv det fører til pandemi, opprør, plyndring og kaos.	And power failure alone can cause pandemics, riots, looting and chaos. 													
01:26:32:18		Leif	Leif	Derfor er det nummer 1. 	That's why it's number one.													
01:26:33:18		Leif	Leif	Og bare så dere vet det så har vi solgt strømnettet vårt til private aktører som driter i vedlikehold og bare tenker profitt. 	And just so you know, we've sold our power companies to private enterprises who don't give a shit about maintenance and only care about profit. 													
01:26:39:14		Leif	Leif	Og jeg bryr meg ikke om jeg, jeg bryr meg ikke om dere ikke vet hvor nærmeste tilfluktsrom er, det er helt greit for meg det. 	And I don't care. I don't care if you don't know where the nearest bomb shelter is. It's fine by me. 													
01:26:44:11		Leif	Leif	Men du kan ikke, du kan ikke sette et lite menneske til verden og så slenge ut peisen fra leiligheten. Det går ikke det!	But you cannot... you cannot bring a little person into the world, and then toss the fireplace out of the apartment. That just doesn't work.													
01:26:52:06		Karsten	Karsten	Brosjan. 	Hey bro...													
01:26:58:14 		Karsten	Karsten	Leif! Leif. 	Leif! Leif. 													
01:27:01:19		Karsten	Karsten	Leif!	Leif!													
10:27:02:22		Leif	Leif	Det går fint. Takk for meg. 	It's fine. Thanks for having me.													
																		
01:27:14:04		Teo	Teo	Leif sa at du kunne hjelpe meg med å skaffe meg et nytt ansikt. 	Leif said you could help me get a new face.													
01:27:18:10		Ravn	Ravn	Leif sa det? 	Leif said that?													
01:27:19:11		Teo	Teo	Ja. 	Yes.													
01:27:21:12		Teo	Teo	Det går an! Folk har forsvunnet sånn før, jeg har lest om det. 	It's possible! People have disappeared that way before. I've read about it.													
01:27:28:21		Ravn	Ravn	Du trenger jo ikke noe nytt ansikt, du trenger en ny nyre. 	You don't need a new face, you need a new kidney.													
01:27:32:12		Teo	Teo	Spiller jo ingen rolle, så snart noen ser meg er jeg død. 	There's no point. The moment anyone sees me, I'm dead.													
01:27:37:08		Teo	Teo	Jeg kan betale, jeg har masse penger. 	I can pay, I have lots of money.													
01:27:39:19 		Ravn	Ravn	Det er jo ikke dine penger, skjønner du? 	It's not your money, you know? 													
01:27:42:22 		Ravn	Ravn	Og så jobber jeg med akutte skader. Jeg jobber med folk som har mistet et øye, som har fått svidd av huden, som har fått knust kjeven, og som trenger hjelp.	And I work with acute injuries. I work with people who have lost an eye, who have had their skin burnt off, who have had their jaw shattered, and who need help. 													
01:27:52:03 		Ravn	Ravn	Ikke idioter som stjeler og flyr og gjemmer seg etterpå. 	Not idiots who steal,  runaway and go into hiding afterwards.													
01:27:53:24		Teo	Teo	Jeg trenger ikke bli pen. 	I don't need to look good.													
01:28:54:18 		Ravn	Ravn	Og ansiktet er jo en ting, men du har jo en en høyde, du har et kroppspråk. Du har en stemme, du har to øyne, du har en tannstilling, du har fingeravtrykk, du har DNA. 	Your face is one thing. But you've got your height, your body language. You have a voice, you have two eyes, you have teeth, you have fingerprints, you have DNA.													
01:28:03:12		Teo	Teo	Ingen har DNAen min. Jeg har aldri vært hos tannlegen i Norge, jeg har aldri vært hos lege under eget navn. Fingeravtrykkene mine - jeg har manipulert de siden jeg var 16. 	No one has my DNA. I've never been to the dentist in Norway, I have never been to the doctor under my own name. I've manipulated my fingerprints since I was sixteen.													
01:28:15:08		Ravn	Ravn	Men du heter Teodor Naustvik? 	But your name is Teodor Naustvik?													
01:28:16:15		Teo	Teo	Ja, og jeg er ikke en idiot. Jeg har en kone, hun er gravid. Jeg trengte de pengene ikke sant? Så at vi kan være forberedt. 	Yes, and I'm not an idiot. I have a wife, she's pregnant. I needed the money, right? So we can be prepared.													
01:28:34:01		Ravn	Ravn	Forberedt på hva?	Prepared for what?													
01:28:32:16		Teo	Teo	På det som kommer. 	For what's coming.													
01:28:33:20		Ravn	Ravn	Og hva er det? 	And what's that?													
01:28:38:12		Teo	Teo	Hvor godt kjenner du Leif egentlig?	How well do you know Leif, really?													
01:28:40:07		Ravn	Ravn	Leif er en gammel pasient. 	Leif is an old patient.													
01:28:42:03		Teo	Teo	Men du er en av oss?	But you are one of us?													
01:28:44:02		Ravn	Ravn	Det spørs vel hva du mener? 	That depends on what you mean?													
01:28:47:01		Leif	Leif	Hallo! Da har jeg fått tak i nesten alt på den lista din jeg, hvertfall det som er forbruksmateriell. 	Hello! I got hold of almost everything on your list. All the disposables at least.													
01:28:52:11		Ravn	Ravn	Jeg må snakke med deg, nå!	I need to talk to you, now!													
01:28:54:11		Leif	Leif	Det som er det dyreste utstyret, det har de ikke borte på...	The most expensive equipment, they haven't got that over at...													
01:28:56:05		Ravn	Ravn	Kom igjen, nå!	Come on, now!													
01:28:59:17		Ravn	Ravn	Kom!	Come on!													
01:29:01:23		Leif	Leif	Går det bra her eller? 	Is everything okay here?													
01:29:07:24		Leif	Leif	Ja?	Yes?													
01:29:08:06		Ravn	Ravn	Hvorfor har du sagt til han fyren at jeg kan gi han et nytt ansikt? 	Why did you tell that guy that I can give him a new face?													
01:29:11:06		Leif	Leif	Eh... Fordi du kan det? 	Er... Because you can?													
01:29:13:15		Ravn	Ravn	Nei, det er ikke sånn det funker.	No, that's not how it works.													
01:29:15:03		Leif	Leif	Ja, men han kan ikke dra herfra sånn som han ser ut nå.	But he can't leave here the way he looks now.													
01:29:17:19		Ravn	Ravn	Ja, tror du det holder med bandasjer og antibiotika, Leif? 	Well, do you think bandages and antibiotics will be enough, Leif?													
01:29:22:16		Ravn	Ravn	Og hvis den andre nyra hans tar kvelden, så trenger han dialyse.	And if his other kidney fails, he'll need dialysis.													
01:29:25:11		Leif	Leif	Med pengene hans og kontaktene mine, så får vi tak i det vi trenger. Finnes marked for alt. 	With his money and my contacts,  we can get what we need. There's a market for everything.													
01:29:30:10		Ravn	Ravn	Han kan være død lenge før den tid, og jeg rører ikke de blodpengene hans. 	He could die long before that, and I won't touch his blood money.													
01:29:34:02		Leif	Leif	Oi. Skal vi trappe ned litt på hykleriet her. Altså, du leier her, og du henger etter på leia, for å si det sånn. 	Stop being such a hypocrite! You're renting this place and you're behind on the rent, if you know what I mean.													
01:29:43:01		Ravn	Ravn	Truer du meg? Er det meg eller han? 	Are you threatening me? Me or him? Is that it?													
01:29:47:18		Leif	Leif	Det er bare du som vet at han er her. Han trenger hjelp. 	You're the only one who knows he's here. He needs help.													
01:29:51:17		Ravn	Ravn	Han trenger en god pyskolog, ikke noe nytt ansikt. 	He needs a capable psychologist, not a new face.													
01:29:55:11		Leif	Leif	Hva sa du nå? 	What are you saying?													
01:29:56:23		Ravn	Ravn	Tror du ikke jeg kjenner igjen det der dommedagspreiket ditt Leif, jeg har hørt det siden første gang du kom til meg som pasient. 	Don't you think I recognize your doomsday bullshit, Leif? I've heard it since you first came to me as a patient. 													
01:30:02:02		Ravn	Ravn	Alt det der gnålet om at hele verden kommer til å gå under, det... Alt det der er bare noia. 	All the whining that the whole world is going to end... All that stuff is just paranoia. 													
01:30:06:04		Ravn	Ravn	Konspirasjoner fra internett som er sausa sammen i en patalogisk røre. 	Conspiracies from the internet, stir-fried together into a pathological mess. 													
01:30:10:09		Ravn	Ravn	Og noen blir jævla redde av sånt og gjør idiotiske ting, det tok nesten livet av han der. 	Some people get really scared by this stuff, and do stupid things. It almost killed that guy.													
01:30:17:06		Leif	Leif	Så han er gæren og trenger psykolog. En til meg og da eller? 	So he is crazy, and needs a psychologist. One for me too, then?													
01:30:26:12		Leif	Leif	Nå er det jo en ting du glemmer. Ravn! Du trenger meg. 	There's one thing you're forgetting. Ravn! You need me.													
																		
01:30:40:16		Politisentralen (off)	Police dispatch (off)	Null en, Null en. Dette er tre. Da har vi fått et signalement på hun dama.	Zero one, Zero one. This is Three. We've got a description of the girl....													
01:30:56:06		Leif	Leif	Hei!	Hi!													
01:30:56:07		Per	Per	Halla!	Hello!													
01:30:58:10		Leif	Leif	Halla!	Hello!													
01:31:00:21		Leif	Leif	Jeg bestilte det vanlige til deg.	I ordered the usual for you.													
01:31:03:02		Per	Per	Halla Assaf!	Hello Assaf!													
01:31:03:17		Assaf	Assaf	Hvordan går det 'a?	How's it going?													
01:31:03:05		Per	Per	Har du et glass vann til meg eller?	Do you have a glass of water for me?													
01:31:05:19		Assaf	Assaf	Jepp.	Yep.													
01:31:08:16		Leif	Leif	Ah, jeg er glad for at du ringte, jeg. Går det bra?	I'm glad you called. Is everything okay?													
01:31:12:19		Per	Per	Ja, går greit med meg. Hadde et svært ran da!	Yeah, I'm fine. We just had this huge robbery.													
01:31:16:12		Leif	Leif	Ja, shit, jeg hørte om det. Dere har tatt dem nå, eller?	Yeah, shit, I heard about that. Did you catch them?													
01:31:19:23		Per	Per	Jo, vi har tatt alle sammen!	Yeah, we got all of them.													
01:31:22:17		Leif	Leif	Bra.	Good.													
01:31:23:17		Per	Per	Bortsett fra en jævel. Ja, det er han som sitter med alle penga.	Except for one bastard. And he's got all the money .													
01:31:27:12		Leif	Leif	Er det sant?	Is that so?													
01:31:30:08		Per	Per	Det er litt rart for at det, eh, de slo til akkurat den dagen vi hadde minst bemanning.	It's a little strange that... uh, they struck exactly on the day we had minimum manpower.													
01:31:37:07		Leif	Leif	Sikkert visst om det, vøtt.	They must have known, right?													
01:31:38:23		Per	Per	Ja, det tror jeg og. De må jo ha visst det! Men hvordan visste dem det? Det lurer jeg på.	Yeah, I think so too. They must have known! But how did they know? That's what I am wondering.													
01:31:50:20		Leif	Leif	Tror du det er meg?	Do you think it was me?													
01:31:52:04		Per	Per	Det er ikke det jeg sier, Leif.	That's not what I'm saying, Leif.													
01:31:53:02		Leif	Leif	Tenkte du, men du sa jo at du tenkte det nå?	Did you think... didn't you say it's what you're thinking now?													
01:31:54:20		Per	Per	Vi snakka om det sist vi traff hverandre. Akkurat den kvelden, sa jeg til deg, er det kritisk bemanning på grunn av det statsbesøket.	We talked about it last time we met. Just that night, I told you our manpower was critical because of that state visit.													
01:32:01:24		Leif	Leif	Ja, og det var en samtale mellom deg og meg, fortrolig som vanlig.	Yes, and that was a conversation between you and me, confidential as usual.													
01:32:05:10		Per	Per	Det var topp hemmelig info.	It was top secret info.													
01:32:06:15		Leif	Leif	Ja!	Yes!													
01:32:07:09		Per	Per	Og jeg har ikke sagt det til noen andre enn deg.	And I didn't tell anyone other than you.													
01:32:09:10		Leif	Leif	Ja, jeg, men jeg ville aldri, altså. Herregud, disse folka her kommer sikkert ut av et sånt miljø! Jeg kjenner jo ikke noen sånne folk.	Yes, but I would never... My God, those people probably come out of a very particular kind of scene! I don't know those kind of people.													
01:32:16:22		Per	Per	Nei, jeg forsto det sånn at den derre Naustvik, han er visst litt sånn dommedags-nerd.	Well, I understand this Naustvik guy is a bit of a doomsday nerd.													
01:32:24:08		Leif	Leif	Hva da?	A what?													
01:32:25:15		Per	Per	Du skjønner hva jeg mener; ut i skaugen og jakt og, takk skal du ha, hamstre boksmat, lage reint vann av piss, de greiene der. Du kjenner jo de folka?	You know what I mean. The kind that runs around the forest hunting... thanks... hoarding tinned food, making clean water from piss, that kind of stuff. You know the type?													
01:32:35:20		Leif	Leif	Ja, jeg vet hvem de er, jeg gjør det!	Yeah I know who they are, sure.													
01:32:42:18		Leif	Leif	Men jeg har aldri hørt om han Nøstvik, aldri!	But I've never heard of this Nøstvik. Never.													
01:32:46:15		Per	Per	Naustvik.	Naustvik.													
01:32:47:22		Leif	Leif	Naustvik. Aldri hørt om.	Naustvik. Never heard of him.													
01:32:52:00		Per	Per	Men Leif, den infoen som jeg gir deg når vi møtes. Hva bruker du den til?	Leif, the information I give you when we meet, what do you use it for?													
01:33:00:17		Leif	Leif	Kartlegging, trusselvurdering, sånne ting. 	Assessment, threat evaluation, stuff like that. 													
01:33:07:01		Leif	Leif	Du gir noe til meg, men jeg gir også noe til deg. 	You give something to me, but I also give something to you.													
01:33:10:12		Leif	Leif	Sånn som de har holdt på her i byen helt siden en og søtti og Borten-regjeringa.	Like they've been doing here in the city since the seventies and the Borten government. 													
01:33:15:12		Leif	Leif	Fordi den eneste måten å sikre reel beredskap er i den uformelle kontakten mellom etatene. 	Because the only way to ensure real preparedness is the informal contact between the agencies. 													
01:33:22:23		Leif	Leif	Sånn som vi holder på med, fordi vi veit at det er sånn det er.	Which is what we're doing, because we know that's how it is.													
01:33:25:14		Per	Per	Alt det der er greit. Det som ikke er greit er at en god kompis av meg ligger kritisk på sjukehuset. 	All that is fine. What's not okay is that a good friend of mine is in a critical condition at the hospital. 													
01:33:31:12		Per	Per	Jeg kjenner han godt, Leif, jeg kjenner kona hans. 	I know him well, Leif, I know his wife. 													
01:33:34:14		Per	Per	Og nå er det en eller annen gærning der ute som sitter på mer enn 60 mill!	And now there's some madman out there sitting on more than 60 mill!													
01:33:37:13		Leif	Leif	Jeg skjønner. Det er så forjævlig så det går an. Det er sikkert noen som lekker ett eller annet sted.	I understand. It's fucking terrible. There's got to be a leak somewhere.													
01:33:45:08		Per	Per	Har du sagt til noen at vi snakker sammen?	Have you told anyone that we talk?													
01:33:50:18		Leif	Leif	Vi er venner, Per!	We're friends, Per!													
01:33:51:22		Per	Per	Mhm, og opp gjennom åra så har jeg sagt en del ting til deg som jeg kanskje ikke burde ha sagt,  og nå snur de hver stein på jobben, for alle skjønner at det må ha vært en lekkasje om bemanninga akkurat den kvelden.	Mhm. Over the years I've said some things to you that maybe I shouldn't have, and now they're turning over every stone at work. Everyone knows someone must have leaked the manpower situation that evening.													
01:33:03:00		Leif	Leif	Stoler du ikke på meg?	Don't you trust me?													
01:34:05:01		Per	Per	Jeg vil det. Du har noen svin på skauen du og, Leif. 	I want to. But you have your own skeletons in the closet, Leif. 													
01:34:10:02		Per	Per	Tror du kan finne ganske mye rart nedi de derre tilfluktsrommene dine. Tar jeg feil?	I believe there are a lot of weird things going on down there in your bomb shelters. Am I wrong?													
01:34:18:15		Leif	Leif	Jeg kommer aldri til å si noe om noe av det du har sagt til meg, aldri. 	I'm never going to say anything about anything you've said to me. Never. 													
01:34:27:16		Leif	Leif	Og nå er jeg, ble jeg, litt overrumpla av dette her, fordi jeg blir litt lei meg. 	But I have to admit, I'm pretty surprised and to be honest a little hurt.													
01:34:33:10		Leif	Leif	Fordi at du tenker sånn om meg, etter alle, så mange år liksom! 	That you think about me this way, after so many years! 													
01:34:40:14		Leif	Leif	Ja, jeg vet ikke jeg. Det ble bare litt mye nå.	Yeah, I don't know. It was just a bit too much now.													
01:34:51:07		Per	Per	Jeg er nødt til å stikke, jeg er egentlig på jobb, men si fra hvis du hører noe da!	I've got to go, I'm supposed to be at work. But let me know if you hear anything.													
01:34:56:10		Leif	Leif	Jeg lover, alltid!	I promise, always!													
																		
																		
																		
																		
01:35:23:23		Leif (Opptak)	Leif (Recording)(OFF)	Ja, og det var en samtale mellom deg og meg, fortrolig som vanlig.	Yes, and it was a conversation between you and me, confidential as usual.													
01:35:27:08		Per (Opptak)	Per (Recording)(OFF)	Og opp gjennom åra så har jeg sagt en del ting til deg som jeg kanskje ikke burde ha sagt, og nå snur de  hver stein på jobben, for alle skjønner at det må ha vært en lekkasje om bemanninga akkurat den kvelden.	Over the years  I have said some things to you that maybe I should not have said, and now they're turning over every stone at work. Everyone knows that  someone must have leaked the manpower situation that evening.													
			 															
01:35:40:01		Leif V.O.	Leif V.O.	Alle vet at da Titanic gikk ned, så spilte orkesteret på dekk helt til det siste. 	Everybody knows that when the Titanic went down, the orchestra on deck played till the very end.													
01:35:48:03		Leif V.O.	Leif V.O.	Men det mange ikke vet, er at en god del av passasjerene valgte å danse, selv når de visste at alt gikk til hælvete. 	But what most people don't know, is that many passengers chose to dance. Even when they knew it was all going to hell.													
01:35:57:11		Leif V.O.	Leif V.O.	Vi tenkte på samme måte for tredve år siden, da vi bestemte at vi ikke skulle bygge flere tilfluktsrom her i Norge.	In a similar way, we decided thirty years ago that we would not build any more bomb shelters in Norway.													
01:36:02:13		Stemme (off)	Voice (off)	H-minus ten seconds, nine, eight, seven, six, five, four, three, two, one	H-minus ten seconds, nine, eight, seven, six, five, four, three, two, one													
01:36:03:22		Leif V.O.	Leif V.O.	Selv om bare en tredjedel av oss får plass i de rommene vi har, så får vi nøye oss med det.	Even though only a third of us will fit into the shelters we have, we'll have to make do.													
01:36:10:22		Leif V.O.	Leif V.O.	Vi er ikke redde for atombomben lenger. Vi har slutta å tenke på det som er ubehagelig. 	We're no longer afraid of the Bomb. We have stopped thinking about unpleasant things.													
01:36:17:17		Leif V.O.	Leif V.O.	Den tynne hinnen som skiller idyll fra kaos. 	The thin membrane that separates paradise from chaos.													
01:36:22:09		Leif V.O.	Leif V.O.	Historien har vist at det er tolv ting som til en hver tid kan gjøre at alt kollapser: 	History has shown there are twelve things that can lead to a complete collapse.													
01:36:28:03		Leif V.O.	Leif V.O.	Det viktigste er overbefolkning.	The most important is overpopulation.													
01:36:31:03		Leif V.O.	Leif V.O.	Det blir født 255 babyer hvert eneste minutt…	Two hundred and fifty five babies are born every minute.													
01:36:32:20		Leif V.O.	Leif V.O.	Ettbarnspolitikk er vårt eneste håp. Men det er det jo ingen som vil snakke om. 	One child policy is our only hope, but no one is willing to talk about it.													
01:36:37:07		Leif V.O.	Leif V.O.	Som nummer to kan vi sette klimaforandring. 	Number two is climate change.													
01:36:41:05		Leif V.O.	Leif V.O.	Nummer tre er avskoging. Vi hogger for mange trær, og matjorda blir ødelagt av erosjon og dårlig landbruk. 	Number three is deforestation. We cut down too many trees,  which in turn ruins the topsoil through erosion and bad agriculture.													
01:36:50:22		Leif V.O.	Leif V.O.	Vi har ikke nok vann, og vi driter i det vi har, bokstavelig talt. Vi fisker for mye, og stadig mer. 	We don't have enough water, and we shit in the water we do have. Literally. We overfish. And this is steadily increasing.													
01:36:59:22		Leif V.O.	Leif V.O.	Historisk sett har vi jakta for mye og. 	Historically, we have overhunted too.													
01:37:06:08		Leif V.O.	Leif V.O.	Nå dreper vi bare dyr som står i bur eller bås. 	Now we only kill animals in cages or stalls.													
01:37:10:06		Leif V.O.	Leif V.O.	Men hver dag, et sted på jorda, blir en art utrydda.	Still, somewhere on earth, one species is wiped out every day.													
01:37:16:21		Leif V.O.	Leif V.O.	Vi makser ut fotosyntesen, og får ikke nok oksygen ut av naturen. 	We're maxing out photosynthesis so nature won't give us enough air.													
01:37:21:08		Leif V.O.	Leif V.O.	Nye arter som blir introdusert i kretsløpet, skaper ubalanse.	New species are introduced into the food chain, creating imbalance.													
01:37:26:23		Leif V.O.	Leif V.O.	I Kina triller det femtitusen nye biler ut på veien, hver dag. 	In China, fifty thousand new cars roll out on the roads, every single day.													
01:37:31:12		Leif V.O.	Leif V.O.	Forgiftning er punkt 11.	Poisoning is number 11. 													
01:37:23:13		Leif V.O.	Leif V.O.	...og den siste er energimangel. Og det er der vi er mest sårbare. 	And the final one is energy shortage. And that is what makes us most vunerable.													
01:37:39:07		Leif V.O.	Leif V.O.	Hvis bare én av disse tolv truslene når et kritisk punkt...	If only one of these twelve threats reaches a critical point...													
01:37:43:16		Leif V.O.	Leif V.O.	så er vi ferdig.	...that's all it takes.													
01:37:44:23		Leif V.O.	Leif V.O.	Ikke alle tolv, eller fem eller seks av de, det holder med en. Da synker skipet.	Not all twelve, or five or six, all it takes is one. Then the ship is sinking. 													
01:37:52:00		Leif V.O.	Leif V.O.	Selv om vi danser.	Even if we are dancing.													
01:37:58:07		Tekst på PC-skjerm	On-screen text (PC)	Dette var utrolig bra, Tyf0n, kudos! Jeg synes du skal prøve å få dette ut til folk... 	This is incredible, Tyf0n, kudos! I think you should try to get this out to people...													
01:37:59:22		Tekst på PC-skjerm	On-screen text (PC)	Sjukt bra det her mr T. Og enig med forrige poster, dette må ut til folket!	Fantastic, mr T. I agree with the previous poster, people need to see this!													
																		
01:38:08:22		PA	Public annoncement	Smestad. Overgang Linje 3 Kolsås.	Smestad. Transfer for Line 3 to Kolsås.													
01:38:22:00		SKILT	SIGN	Oslo Universitetssykehus	Oslo University Hospital													
01:38:23:18		Sykepleier	Nurse	Hei Ravn!	Hi Ravn!													
01:38:24:03		Ravn	Ravn	Hei!	Hi!													
01:38:25:17		SKILT	SIGN	LAB. FOR NEVROIMMUNOLOGI	NEUROIMMUNOLOGY LAB													
01:38:43:22		Unn	Unn	Hvordan går det, Ravn? Hva gjør du her?	How's it going Ravn? What are you doing here?													
01:38:47:02		Ravn	Ravn	Det er noe jeg holder på med. 	I'm working on something. 													
01:38:49:11		Ravn	Ravn	Det er veldig spennende egentlig, men uten tilgang her så kommer jeg ikke videre.	It's pretty exciting actually, but without access here I can't make any progress.													
01:38:55:02		Unn	Unn	Med hva da?	What is it?													
01:38:56:16		Ravn	Ravn	Det kan jeg ikke si så mye om, det er et oppdrag for sivilforsvaret, så det er unntatt offentligheten.	I can't say too much about it, it's a project for the Civil Defense so it's classified.													
01:39:02:14		Unn	Unn	Okei.	Okay.													
01:39:05:12		Ravn	Ravn	Jeg tenkte på det du sa sist, i Vilmas begravelse, at hvis det var noe jeg trengte hjelp til, så kunne jeg... 	I thought about what you said, at Vilma's funeral. That if I needed help with anything...  													
01:39:12:02		Ravn	Ravn	...komme til deg?	...I could come to you ?													
01:39:12:12		Unn	Unn	Absolutt. Hva som helst.	Absolutely. Anything.													
01:39:23:23		Unn	Unn	Masse-spektrometer?	A mass spectrometer?													
01:39:25:22		Ravn	Ravn	Det er jo flere av dem her på huset, det er jo ikke sånn at de er i bruk hele tiden?	There are several of them here at the hospital, and they're not in use full time?													
01:39:30:05		Unn	Unn	Jeg kan jo ikke bare gi deg medisinsk utstyr til flere hundretusen?	But I can't just give you medical equipment worth hundreds of thousands ?													
01:39:33:15		Ravn	Ravn	Jeg skjønner det, du trenger ikke det. Du skal bare... 	I realize that, you don't have to. You would just need to... 													
01:39:39:16		Ravn	Ravn	Du skal bare åpne en dør, også fikser jeg resten.	You just need to open a door. Then I'll take care of the rest.													
01:39:43:22		Unn	Unn	Ravn, går det bra med deg?	Ravn, are you okay?													
01:39:45:21		Ravn	Ravn	Det er et stort hus, det forsvinner ting herfra hver dag! Du sa hva som helst!	It's a big place, things disappear here every day! You said, "anything"!													
01:39:50:15		Unn	Unn	Men har dette noe med Vilma å gjøre?	Has this got something to do with Vilma?													
01:39:56:11		Ravn	Ravn	Det er noe jeg må finne ut av.	There's something I need to figure out.													
01:39:57:23		Unn	Unn	Hva da?	What is it?													
01:39:58:15		Ravn	Ravn	Ja, vil du hjelpe meg eller vil du ikke?	Will you help me or not?													
01:39:59:23		Unn	Unn	Jeg vil veldig gjerne hjelpe deg, men ikke på denne måten.	I really want to help you. Just not in this way.													
01:40:04:10		Ravn	Ravn	Jeg forstår.	I understand.													
01:40:06:16		Unn	Unn	Nei, Ravn, det forstår du vel?	Ravn. You do understand, right?													
01:40:41:07		SKILT	SIGN	Teknisk lager.	Storage Room													
																		
01:40:56:22		Nyhetsanker (f)(OFF)	News anchor (f)(OFF)	Da har vi fått leder for seksjon for organisert kriminalitet fra Oslo politiet hit i studio, og Hege Salvesen...	We have the head of the organized crime division of the Oslo police here in the studio, and Hege Salvesen...													
01:41:09:03		Politikvinne på TV (off)	Police (f)(OFF)	Ja, vi gjennomgår alle våre rutiner. Dette handler i hovedsak om en spesielt brutal..	Yes, we are reviewing all our routines. This mainly concerns a particularly brutal ...													
01:41:12:14		Teo	Teo	Leif, kan du skru opp?	Leif, can you turn it up?													
01:41:14:14		Nyhetsanker (f)(OFF)	News anchor (f)(OFF)	Hvordan er stemningen hos politiet nå?	What's the mood among police right now?													
01:41:17:14		Politikvinne på TV	Police (f)	Det er naturligvis en veldig vanskelig tid for oss, når en av våre egne blir skadet i tjenesten, så påvirker det oss alle.	Well... this is of course a difficult time for us. When one of our own gets hurt in the line of duty, it affects all of us.													
01:41:23:20		Nyhetsanker (f)(OFF)	News anchor (f)(OFF)	Hva kan du si om han som er skadet?	Can you tell us a little bit about the wounded officer?													
01:41:26:00		Politikvinne på TV	Police (f)(OFF)	Han er en godt likt tjenestemann. Han er en viktig del av innsatsstyrken. Han har kone og to små barn, og våre tanker går naturligvis til dem i denne vanskelige tiden.	He is a well-liked officer. He is an important part of the team. He has a wife and two small children, and our thoughts are with them during this difficult time.													
01:41:34:13		Teo	Teo	Har han familie?	He has a family?													
01:41:36:04		Nyhetsanker (f)(OFF)	News anchor (f)(OFF)	Hvor langt har dere nå kommet i etterforskningen?	How far have you got in your investigation?													
01:41:36:09		Leif	Leif	Jada, får bare håpe at han overlever.	Yes. Let's hope he makes it.													
01:41:39:04		Politikvinne på TV	Police (f)(OFF)	Vi har gått ut med etterlysning av en navngitt person, og vi jobber nå for fullt med å innhente opplysninger som kan føre til en rask og trygg pågripelse. 	We have issued an APB of the person in question, and are now working full time to obtain information that could lead to a quick and safe apprehension.													
01:41:47:18		Nyhetsanker (f)(OFF)	News anchor (f)(OFF)	Det er gått to dager siden dette brutale ranet altså. Hvorfor har dere ikke funnet Naustvik?	It's been two days since this brutal robbery. Why have you not found Naustvik?													
																		
01:42:11:24		Ravn	Ravn	Ja, hallo!	Yes, hello!													
01:42:11:18		Leif (telefon)	Leif (telephone)	Det har gått til helvete her. Han blør masse. Jeg prøvde å trykke på det åpne såret.. 	It's going to hell over here. He's bleeding loads. I tried to put pressure on the open wound... 	t												
01:42:14:20		Ravn	Ravn	Ja, det skal vi nok få til. 	Yes, we'll look into that.													
01:42:16:10		Leif (telefon)	Leif (telephone)	Det blør. Masse blod. Han blør fra trynet også. 	There's loads of blood! He's bleeding from his face. 													
01:42:17:22		Ravn	Ravn	Ja, men ta det med ro, det går nok bra. 	Yes, but take it easy. Everything's going to be fine.													
01:42:19:24		Leif (telefon)	Leif (telephone)	Såret er helt åpent. Det fosser blod..	The wound is wide open. Blood is flooding out.													
01:42:20:21		Ravn	Ravn	Jeg kommer med en gang.	I'm coming right now.													
01:42:11:22		Leif (telefon)	Leif (telephone)	Du må kom…	You have to come...													
01:42:25:07		Per	Per	Gå først du.	You first.													
01:42:26:23		Ravn	Ravn	Ja, takk! Takk, takk.	Thank you! Thank you, thank you.													
																		
01:42:33:07		Ravn	Ravn	Hvordan klarte han dette her da?	How did he manage to do this? 													
01:42:34:13		Leif	Leif	Han datt ned trappa her.	He fell down the stairs.													
01:42:35:11		Ravn	Ravn	Datt ned trappa? Du skulle jo passe på ham!	Fell down the stairs? You were supposed to be looking after him!													
01:42:37:08		Leif	Leif	Ja, jeg veit det.	Yes, I know.													
01:42:38:10		Ravn	Ravn	Ser du her? Nå holder du der. 	See this here? Now hold it there. 													
01:42:39:19		Leif	Leif	Ja, okei.	Yes, ok.													
01:42:40:24		Ravn	Ravn	Teo?	Teo?													
01:42:41:22		Ravn	Ravn	Pulsen er veldig svak. Blod! Blod! Kom igjen, hent blod.	The pulse is very weak. Blood! Blood! Come on, go get the blood!													
01:42:44:02		Leif	Leif	Ja.	Yes.													
01:42:46:05		Leif	Leif	Var det A?	Was it A?													
01:42:47:04		Ravn	Ravn	A, ja! Ta med to poser!	Yes! Bring me two bags!													
01:42:50:03		Ravn	Ravn	Dette skal gå bra, Teo!	It's going to be fine Teo!													
01:42:12:11		Leif	Leif	Vi har ikke A! Vi har ikke mer A!	We're out of A! There's no more A!													
01:42:54:23		Ravn	Ravn	Hæ?	What?													
01:42:55:11		Leif	Leif	Hva med AB?	What about AB?													
01:42:56:08		Ravn	Ravn	Hva? Nei. Nei, nei, nei, nei. Kom tilbake!	What? No. No, no, no, no. Come back!													
01:43:01:06		Ravn	Ravn	Se her! Åpner du opp den?	See this? Open it up.													
01:43:02:15		Leif	Leif	Ja.	Yes. 													
01:43:03:13		Leif	Leif	Hva er det du holder på med nå?	What are you doing now?													
01:43:04:18		Ravn	Ravn	Jeg har blodtype 0, alle kan ta i mot det. Sånn, takk.	I'm type O. Everyone can use it. There, thanks.													
																		
01:43:19:06		Ravn	Ravn	Hm?	Hm?													
01:43:20:09		Leif	Leif	Du sa at jeg skulle vekke deg hvis du sovna.	You told me to wake you if you fell asleep.													
01:43:22:13		Ravn	Ravn	Ja...	Yes...													
01:43:31:06		Leif	Leif	Er det nå? Ta en liten kikk på…	Maybe now? You could take a little look at...													
01:43:35:16		Ravn	Ravn	Hånda di?	Your hand?													
01:43:36:21		Leif	Leif	Ja.	Yes.													
01:43:39:21		Leif	Leif	Det er bare den tøyinga som hjelper vet du.	Only this kind of stretching helps, you know.													
01:43:45:05		Ravn	Ravn	Sånn?	Like this?													
01:43:45:19		Leif	Leif	Ja, den er veldig god.	Yeah, that one's very good.													
01:43:47:02		Ravn	Ravn	Er det godt?	Does it feel good?													
01:43:47:10		Leif	Leif	Den der. 	That one.													
01:43:48:02		Ravn	Ravn	Hvis jeg gjør sånn da?	And if I do this?													
01:43:48:18		Leif	Leif	Ja, den er veldig øm, den er øm, der må du være forsiktig.	Ah, that's very tender, it's tender, be gentle there .													
01:43:51:04		Ravn	Ravn	Jo, men det skal være litt ømt skjønner du!	Well, it's supposed to be a little sore, you know!													
01:43:52:11		Leif	Leif	Jo, men ikke...	Yeah, but not...													
01:43:53:10		Ravn	Ravn	Men vet du hva? Disse øvelsene her, de kan du klare selv.	You know what? You can do these exercises yourself.													
01:43:56:23		Leif	Leif	Ja, men det er ikke det samme.	Yeah, but it's not the same.													
01:43:58:07		Ravn	Ravn	Akkurat det samme.	It's exactly the same.													
01:43:59:00		Leif	Leif	Ikke det samme!	Not the same! 													
01:45:03:06		Leif	Leif	Det er bare meg her nede nå, som ikke har rana noe.	Seems I'm the only one down here who hasn't stolen anything.													
01:45:10:10		Ravn	Ravn	Leif, kom og hent meg når han våkner.	Leif, come and get me when he wakes up.													
																		
01:45:32:15		CREDITS SEQ. START	CREDITS SEQ. START															
01:46:04:24		CREDITS SEQ. STOP	CREDITS SEQ. STOP															
01:46:06:23		END TC	END TC															